{"dept":"computer convergence","name":"kong gildong"}
{"dept":"architectural engineering","name":"han minji"}
{"dept":"artificial intelligence","name":"ha janghoon"}
{"dept":"chemical engineering","name":"kim sunshin"}
{"dept":"civil engineering","name":"kang dohoon"}
{"dept":"chinese literature","name":"ko minho"}
{"dept":"astronomy and space science","name":"ki janghoon"}
{"dept":"architecture and ocean engineering","name":"hwang janghoon"}
{"dept":"computer engineering","name":"lee wonhee"}
{"dept":"컴공","name":"이세준"}
